id;title;
21b349cb-f8a9-4e89-8b44-3aac9745f5df;Julia;
2a71828b-7f68-44d7-b721-ad4fda56ad67;NLP;
4dbbd96a-99c3-411b-8beb-359170bc521a;Ethical Hacking;
d6e7c8b4-30c5-4289-8b74-a7f00f521348;Unity;
59b21b5f-4e86-4d12-8a04-afbae70bb77e;Groovy;
cc368b8c-4e41-4904-965c-8d1f1f8a9084;TDD;
b47792e6-d1fe-45c5-81b8-f1d1dd5e4e45;Software Architecture;
ca4e0e3a-2e7f-45cf-9c97-77d7df873460;Rust;
63ed2505-990a-4d98-8756-067cd95e8abe;Symfony;
ad4ec110-6b16-4f9e-9aea-5cac24acf96a;PostgreSQL;
2e568ab9-2bb3-48a2-84e1-4bd5a22f0316;Real-time Applications;
e6238487-c107-473d-a883-736e120a44f3;C#;
fa97e3d9-041c-4a4e-ac31-849deda6c86f;Real-time Applications;
c2d23610-a649-4534-a49c-50064a8584ce;SQLite;
18d8d190-95ef-4caa-9a6b-05022b987a95;Go;
d593e52c-ac53-4be9-9224-b1d920e2f3b0;Game Development;
54c86503-e0d7-47c9-a634-11bd2572f29a;GraphQL;
4a71a69a-c52b-44a3-8281-943248b88d6e;ETL;
d02087aa-68db-4187-86de-894fc1c03ada;Kanban;
4bc86863-cd57-40d4-9989-ed8fbfc42de3;Spring Boot;
1621a319-417a-4576-bffd-364a7c7c5db1;Lua;
64a08d87-a859-4acf-a2c0-df6ddf2105bd;Groovy;
def3ef0c-416c-473f-87f6-7bc180bddc57;Lua;
f5fff2dd-6e44-487a-ad01-1eb089a9282c;Google Cloud;
5704d1cb-228f-4401-a172-7dadb9c61d4b;JIRA;
932acb3e-265b-460c-a639-8ce708c67f39;Git;
803798d9-34d0-4da2-875e-bfd6ec0dde9d;Apache Spark;
e4d2deea-ca5d-4510-a217-9d1784a23d69;Go;
5f9128f6-03a4-438f-9146-e1ae227d5799;Cybersecurity;
e1956fc0-b0fe-4b35-b8eb-fbcd0d3a9479;Python;
361cddf4-2c68-4a62-a22b-487f139799b4;Angular;
1b397a5f-1017-4580-a3d4-265aadbc6f4d;AR/VR;
67b79bea-69f7-4005-8c19-af3e407e3420;Express.js;
ebd9eba5-4a01-4b16-9ddf-2a5232d0959d;Raspberry Pi;
543b6c1e-a32b-4923-801b-14e7b5a79cda;Vulkan;
2f42350f-438e-4b3a-a933-862794d20c0a;Microservices;
2e6e3ba8-be01-4a5b-b8fb-3b7bc26c34e9;Reverse Engineering;
3e05c613-4f87-4706-81be-082f59847f61;Unreal Engine;
19faa19b-5289-4f0b-af94-999875fa08c0;gRPC;
b007f4c6-9765-4915-99d8-d7371d841945;Blockchain;
12aaaa45-abbd-4f32-9e09-ddd30c6e74f4;Computer Vision;
3e0a5689-dfd9-440f-a32d-1c81c8b76f7b;Unreal Engine;
00545bb1-3a8c-4d1c-a1a7-91d42f56be7e;Azure;
e6d5dc49-57c2-487a-a1ae-f224d9ce52ec;Data Science;
ec4459c3-3086-4a13-9731-210272d07d19;3D Modeling;
0f464277-72e9-458a-b5e9-6aee5221d75d;Rust;
a79291c7-6844-43f5-b72f-c4e5f67eb139;Bitbucket;
cd064e4d-7cd1-41c1-ad68-5754c53fa7f5;Swift;
d77d56b4-f62a-49e6-b18e-f3e155d33291;Arduino;
0f4abe58-3863-4d71-9f09-d0679ccfcaa4;Rust;
6248ff4e-4af2-4917-91f8-7e54fc85a030;Redis;
eb1b32b6-8667-49fc-8329-2b65db62ea97;ETL;
981de301-0a54-4def-a1aa-75fd835e3002;Dart;
8d4cb269-db64-4d7a-a9ea-c3ee8efa3157;ETL;
9b76f703-4ff7-45ab-9b65-95db069a9a98;ASP.NET Core;
0ee6d360-ecce-4bea-bab5-37681ab341bf;Erlang;
040ad301-6166-419a-a94c-4468e02d179b;Trello;
4a7e54d6-d508-4193-a2e7-96db83766159;Hadoop;
f8bb9d3b-ed5d-4028-981b-b9ad63575559;Computer Graphics;
5d477512-d89e-46de-a9bd-8c631553e455;ASP.NET Core;
c3208606-c128-4cd4-921b-509d2d31944c;Kotlin;
97729d9f-33a2-4ca9-a2a0-1890b1d8dc0f;Computer Vision;
f6fd0fb2-6109-47ea-83b6-e2cccf4e8611;Vulkan;
85cc9010-e23f-417f-9ec1-8d92439eff52;Raspberry Pi;
b6d4ef9a-c41c-42c0-b1f6-301acfdc08b3;Reverse Engineering;
74de859a-ac56-4063-9abc-a7b83ecda73c;Erlang;
576b8325-13ed-4be8-9c72-50503279eaa4;F#;
fdfcb6b2-668e-4559-aa93-2df08f260426;NoSQL;
b2ee8659-a183-448d-b98c-dcb483ee133e;AR/VR;
bf314a6a-7315-4002-be51-0cdbc6ea5589;ASP.NET Core;
ff47e691-4d7a-483b-941e-efe3129467fe;Redis;
e6e10c04-60be-4617-9dfc-325bdd8edf77;Microservices;
1d36afb9-517f-4dcc-be27-83d7677583a4;ESP32;
ee8eb028-6fa5-4123-9e0f-ab63d2d67d10;Symfony;
bef2fece-4340-4d48-aaed-ff401251f6e5;Vulkan;
26216e06-4907-4c3c-abcf-c07b6f7efd43;Software Architecture;
29e4d1ac-e6b3-4ab6-892b-f4e8ca6f3d3a;Java;
f269968e-782f-48e1-b22b-0356ff5f04a5;PHP;
b33c2582-54c8-4610-910a-30cf74fe2a48;Git;
66e3bcbd-fcae-4d40-89eb-f14d1a838878;BDD;
5cbb1ef4-d314-4365-9fb7-7a9e33c6d5d1;Java;
bb3291b7-7b9e-417d-a4f5-98b3f834ca3f;Groovy;
4d9b3aa3-4ca2-4ec0-b11f-e8799bd61acb;React;
a0a095ed-abe9-4cb2-a223-ac43099efb95;OpenGL;
1aebb188-65e2-4112-a076-92e4a4f58961;Git;
401fef11-548f-4196-bd4f-6bca95bd68d7;Data Science;
162a955b-b5f4-4994-8da8-5a8516641538;Objective-C;
bace0b87-f7b8-4cff-8fc7-775c5811426b;PostgreSQL;
167d7449-fa87-4a79-a8ac-64c6cfe4109b;Unreal Engine;
71f6aae4-a5f8-47ce-9679-a81330987652;Firebase;
575ac43e-c518-4170-9c4a-d8b20f9072bc;Trello;
19a068b2-cade-47da-8f87-1654dc4ab7da;PHP;
238e854a-6b75-4c6c-b705-06fc1f480502;C#;
36de9d09-f270-4175-8476-cacc3a52205d;Scala;
169c7d0f-79bf-4124-b3db-bb0657017e05;Pentesting;
ce53d133-ebe7-4e9f-86c2-65752f9a6a59;Shader Programming;
e4f9bd17-2368-40a7-9ac3-7a183132fa7e;Big Data;
bc6b6bfc-13f2-43a7-a3c7-63584db8759c;Lua;
1486ec42-6d92-45ce-b355-5d221d46abf1;Trello;
932da988-b35d-47d4-ad85-930f1df8cf90;Shell;
3d82efe3-f140-42ef-83ff-ee297132eebf;DevOps;
8e49c629-fdfe-42c3-a40a-bfa47b777277;MySQL;
7cf528a8-a6f7-47a2-8afb-2468d3627c05;Hadoop;
dcf77994-cbb6-4be1-8da7-f721931d8af1;ASP.NET Core;
c4e6c379-61d8-4cd0-bc0d-e6d64dc0afb6;Data Engineering;
1c537e95-6aac-4aae-a506-bb2154bc9152;3D Modeling;
59dc16ac-1564-43d7-85c0-2f8e8e5a3543;Apache Kafka;
140b77c5-47bf-4c51-85ce-bba14828a671;Express.js;
a4bb2b19-b6bf-4322-9844-23f893b9cdd3;SQLite;
26e810be-c738-467d-bf05-0488c729fad7;CI/CD;
06796755-b356-442c-9fda-93a5b8132771;MySQL;
dfff953f-b9d7-4ec4-b208-42420eb02b38;Bitcoin;
54121aac-7d33-4220-8cec-e365781fb3c5;DevOps;
d63f04db-8c3c-4793-b2c0-bc45cca60251;Arduino;
83353cca-af84-4881-9e82-b64980ba7286;ETL;
1c4b2a1e-80dc-445c-a1ed-806dd4fc9ad1;Shader Programming;
1b7fd645-75a6-4419-850f-f478dd06a097;JIRA;
95cc7c14-b0c6-45f3-a718-5476be3a1b75;TypeScript;
08c13350-4db2-4119-a106-1eb26e797ee2;TensorFlow;
2271cbff-0f47-46ee-bf41-29c0f1964009;GitLab;
57a37ced-c6ae-4295-8016-66601cc73fbe;Game Development;
156b4599-3dc0-4327-ae68-e26ed6bf58ff;ESP32;
0ab0ad75-b3bc-4855-b800-2678630d2b1c;Flask;
7468845b-affd-416d-bffa-e0d4417ec751;Node.js;
aeb42343-4b16-4ba9-b1f4-8a313f172a6b;Blockchain;
6bcf2d06-79f9-4f3f-bd91-7b58009cce19;Node.js;
fc75abec-b251-4c15-9c23-8ed210282f5c;BDD;
07e6b1fe-2658-4812-9e6f-0521d5d6652d;Spring Boot;
314ed09a-7cb4-49c6-9ebd-ad9a2f8b8555;Software Architecture;
c9acf40c-f71d-40ed-9d54-37374d3ef095;Microservices;
6b820295-ddd0-41f2-b979-351f1e789942;Vulkan;
6444b1fa-6f5a-49eb-9de9-b7a2c3b4fd1e;Redis;
712ae80e-f0e5-4f03-a491-a8719b2ceb86;Git;
e422cdd8-837d-4af2-a6c2-8a3700a59ce7;Arduino;
f1ef0eb6-de84-4363-9844-e930a3be518c;MATLAB;
abeba010-e815-47c4-b1e8-8871be385fb9;Cryptography;
3a85025c-1fa1-4f09-b257-c5393d267b1d;Arduino;
485796d6-3803-43ba-9401-68d18f33e10b;Hadoop;
eba0a9c8-d0cd-4caa-b231-9c36ae4e2210;Vulkan;
d2a2d6c9-964a-45cd-8d88-8b437e942ed0;Laravel;
ec31c88d-66fa-4889-9877-167496850e1c;Redis;
bfbe9203-d023-43a1-860e-e4917ab989be;Hadoop;
a5861bed-b967-4739-ba74-97eec5f2e8a4;NoSQL;
a4efc986-4eb4-4fc7-ab32-fb5cb8feeaad;TypeScript;
bec3398c-bdca-4e63-8f9b-349a42f8a8f0;JavaScript;
06458b9a-2f61-4383-93d0-cdd9d98c09b8;Data Science;
20793ead-e9f1-4848-a50f-29c083b43e85;Software Architecture;
cbfc4cce-50b5-4bde-a48f-3943d0b5e286;Ruby;
4f960b4f-4894-4b5d-93c2-624416230864;TypeScript;
3b82d4c0-e899-4d2b-abd9-cbc76c84c970;BDD;
e7097c19-b1d6-4be3-b685-bd95ac699c1d;Rust;
9a758164-e6ab-4501-b6bb-638d29034c32;ETL;
0a86ca3d-0033-4fdf-9f6c-d8c52d55f096;BDD;
d1220d03-569c-4634-9baa-f94a7f309308;Ruby;
eb10ebd5-8a66-41d0-a1cf-55e24400767b;Azure;
a09d8a50-298f-4521-8562-d044462540ff;MATLAB;
fd9ff324-4a5c-4e90-8eb5-af5d0bfb46bd;NestJS;
eb6823df-3ec8-4859-89fe-860146be0105;Ruby on Rails;
ebff2337-fdde-4f2b-bc16-e4731401653e;PHP;
5ab3dd0e-bc59-407c-ae42-e2ddc89a96fb;Agile;
5b17117b-5208-4992-a8d0-33f5079746d1;Java;
5dbec130-a0bd-4193-9a31-26f50e73579f;Bitbucket;
56987ffe-5127-4a30-8ca2-909be4bd6675;Elixir;
bc3e3d5d-4c9f-4dbb-a4c4-05e2520ae799;Express.js;
a256fb36-a56f-4865-a602-91b063f82caf;Ethereum;
8eef9f35-a75a-4d44-929a-ecd0e0de5d67;Firebase;
32d26b32-2b08-4d7e-acea-2120c9c6872c;Groovy;
3fa620d7-1abf-49b1-a5d5-123f86c11726;Elixir;
745f7b64-d71e-44dd-8fe6-c1fdbf82e61d;MongoDB;
7a9745f6-4da2-4483-8943-f4baf07acc1a;Perl;
957315d0-3c17-4ca3-a454-3971ee64e595;Ethical Hacking;
9c12e1dd-8f14-4406-a341-b4d41b642148;R;
1ace6db6-26fe-4d44-8bf4-48bb4521c90a;Unity;
6931eea4-f173-491d-a0fc-183d9e96d80e;NoSQL;
164ef950-c154-4f35-ad29-527772da24a9;Spring Boot;
8bddf8f3-2cb6-422a-8b03-0cfcd32b73e7;GraphQL;
a0debc41-530b-49ed-8e8c-f67d27b6a9cb;PostgreSQL;
df5063f2-5d09-4208-acc4-f3dd68262d4f;OpenGL;
54230849-d0f0-41c8-aec6-b6d580ff3a8e;Arduino;
5519e12b-730e-420f-b072-76ab1a497dc4;Reverse Engineering;
fd7376a7-4365-4856-8f74-c5e987cd3388;Go;
f17a32b1-0f2f-4dbf-8a12-d57e32234d03;MATLAB;
25aeba5f-480c-48ec-8243-3cff0f8b4b3e;WebRTC;
b5e2a00a-ceae-4ea6-9abf-1879fd8edbb8;FastAPI;
70edad17-0f57-45b0-a903-58f860b00e2f;Software Architecture;
96acffab-de5d-4b68-b323-6531127295e3;Express.js;
537d010d-a0ec-4064-8855-e123e9c59f80;Shader Programming;
46974d96-3e2a-41b4-8336-2f718cbd5b29;Swift;
3cb25a26-d32d-4a60-ae13-d8d9eb1740d8;Scala;
aebf3799-3969-466d-a5fd-5f03ad365679;VB.NET;
0dddb9ff-66de-4a6d-a116-37bda1f72f62;Ethical Hacking;
d9f6003b-5cfd-4751-a846-9a748c1499bf;Perl;
19c9f267-b145-4179-91da-49e3f02a8b27;Cortex-M;
d2af26a0-6e48-45b6-b318-aa3f5809daa8;BDD;
96756811-0550-4231-8d2d-b344748eecb2;Cassandra;
2b6be665-3534-4081-8329-665dfc8ef7ba;Google Cloud;
79f9bd89-1f57-4544-946f-024a007756a1;Bitbucket;
c24a699a-86d5-474b-bbbb-e744ba571cbc;Machine Learning;
0b7a4f4c-2331-4073-a3ae-e8e31f941a94;C#;
6824fa12-08fc-4f6a-8ac6-d2bcf725b364;Deep Learning;
a17c3ed2-c196-43d5-8379-0819bfe7ff31;Kubernetes;
702aba7f-afcc-40b1-9a6d-e8551cc674a9;Azure;
76580be0-0f8d-40b2-8646-fec33723b83b;Django;
be638ce7-6eb4-4014-97ac-9b06bd5b1407;JavaScript;
40460153-8339-4444-b093-13d5f8a291d4;Haskell;
1ca32d96-633f-4bc9-898c-aa10a0e68bba;VB.NET;
934ae541-2142-4e12-8646-ff203d304d01;Lua;
15b47968-30eb-4729-ad19-ea341f87e92d;COBOL;
1320556a-fac6-4311-8fad-5d4228d9d301;Cassandra;
278ef480-c604-4299-a9fa-e0e094a65f09;Cassandra;
6958edde-b45d-4d59-8c64-ba70d656b142;Kanban;
a5ba2b43-e5e5-473a-8671-749f29a68068;Vulkan;
1af9861a-9e7f-42de-8d18-da39622b03cb;3D Modeling;
9de5a3b7-1809-4a3f-b801-2a4f40184d7f;FastAPI;
54ca4a60-8f34-4d70-9b23-c44b56ecd817;Software Architecture;
4dbba829-93a3-4823-aa1d-7b53033749a9;React;
e7da28ac-86f7-4b1e-ac36-4f195c21c75c;ESP32;
44fcbb9a-a923-41da-8d7f-1190a3d0fc93;Java;
294c9d3f-75fb-4109-8c80-5d0ed59526e5;3D Graphics;
b3f72314-3294-433f-8f95-60f7af796dd8;Express.js;
6eb184d3-d253-4867-8b41-de4cc99c7227;C++;
e88d57bb-c86a-4948-b835-8995bb705294;JavaScript;
0bfaac24-fb77-4848-88da-502711d94cff;NLP;
7be7bee0-bd25-46f5-a60a-4502492a72bd;WebRTC;
60e18a35-27f3-4c07-b69e-8fc6eeddd1fb;Reverse Engineering;
ca9de0bd-9984-4676-8c68-4d390d31b77d;Express.js;
7c95a693-f311-4fcd-babc-fe6fcefe4c4c;Docker;
5f94f88b-3381-487c-80a4-413c55f845da;Elixir;
eed13de4-7acc-46bf-a6ec-c3a2832dba3b;NLP;
3eb1049d-bd66-44f6-a03d-3d6be8621142;JavaScript;
9f2ad742-e7b7-44ee-9cad-dd57f736e5ab;AWS;
1694284d-60d6-4890-a64d-14d0c9565f90;Julia;
153532cc-65d1-47a4-bcdb-1199e7199808;TensorFlow;
b16fda01-5d88-467e-b518-9eaa3a2da431;NLP;
8214e7f2-4148-4542-955c-724edd23c8c4;MySQL;
1f109dbd-61f3-4df7-bdfc-5ed80418a705;PostgreSQL;
bae26bb4-7b5d-4ec3-81ae-d7584802d587;Hadoop;
3750cb09-4da4-49d2-a96c-e7abf71055af;Python;
1733831f-8bf8-4134-ae94-63716d426b91;Kotlin;
632762e2-017e-40da-96d9-48be533a76a1;Blockchain;
d6d78db8-9fe7-4b04-91bf-658b5706cc1d;FastAPI;
62ed7f90-d408-4f01-bbfe-e301ccab717c;Express.js;
e6ca409a-4078-4647-bbdc-a3831276f8b3;Raspberry Pi;
0d413a75-c287-43bb-853c-8f0259142eaf;Trello;
a026b378-41b5-48a2-9ac0-159a2a5c945a;NestJS;
d4721ef7-b564-4ca2-90b9-acbca1edbe15;Java;
c920b5b2-0d31-408e-a633-e6d3bf6b82fb;Microservices;
98cc5b92-7f5b-4d3f-918d-a873f29ef226;Django;
18fadc70-853d-425a-9222-0cb7cbe203f6;Docker;
165ccd6c-8dcf-42bb-8f93-ab41d3d94863;F#;
bfb3684e-8a29-44c7-803c-1e38b6f40885;Julia;
a247d3e6-b815-42cf-b605-5da479bcc73c;Java;
bc82ec80-8e70-4548-80fe-0b66c385042b;Blockchain;
d6294d97-6fde-415c-97c1-db58cf3b545f;Terraform;
deab1fde-4acf-440d-9fed-1f278e039519;Objective-C;
3f12e90a-421c-4631-8340-6ae3f9e2d217;Kubernetes;
b2be62ee-9168-402e-885a-6e4a2215a5d5;Vue.js;
4017ba53-c9f3-44ac-95bd-e688119cc456;Clojure;
2224d199-f8bd-45dd-946a-2dfa94a47592;Clojure;
c43da2dc-3af8-4b84-95bb-f0fcd2231796;Data Engineering;
fda73ce9-2f4b-4e3d-add8-856b1bc3c5ff;Raspberry Pi;
53d12852-dd78-47b8-bec8-e25db28551dd;Arduino;
b3f12f37-5ddb-4d03-8f45-560251adb721;CI/CD;
ee2c02a1-ba29-4bc5-b072-cac55efe8808;ASP.NET Core;
dc9d3fce-3ac2-4533-9797-0407576d0a7a;Clojure;
6eebbb03-55ec-4663-9eae-a8e3935bd569;3D Modeling;
1af5924d-e83d-4f50-a90b-6a03a584533e;NLP;
9dfd8dcc-d794-46eb-988c-1f826b8deb1c;BDD;
c0f828e7-b559-4bb0-b6c0-f8097794740f;SQLite;
ec66cb59-cb8e-4c4f-b04f-5d79b8f52ef4;Go;
c1034dea-91c7-498a-b94b-9054652cf747;Ruby;
3d8bc86d-ea2e-40ec-8a5a-052a003edc6a;Smart Contracts;
1377b3f4-55f4-457a-bc5f-87df981057aa;NestJS;
36106152-d8cc-42a4-b094-d0807dd11518;Firebase;
6a3339e7-c715-450b-839b-cc9eb3fcbbbb;Express.js;
276a8514-4014-4b04-a773-f912eb904297;Scala;
298a8a96-8384-4f5e-a64b-33c797921ebf;RabbitMQ;
1d71e06a-b905-49ec-8c9b-37b20da2df42;Ethical Hacking;
1c9e92f7-3423-40ab-bd90-526ce36af1c7;Rust;
f18a7473-6fee-4831-8a95-0e231fc21c88;Google Cloud;
3ca6d066-74ba-4d0e-8115-1e9e01a4fd94;IoT;
c25d75b9-ebd3-4fcc-ac83-59a2c1734aaa;Spring Boot;
0574d5e5-0d67-4f3d-bc48-72509df3686d;AWS;
4f7363d4-209f-4e73-b929-fed298d92f33;Solidity;
0342cd6a-d3d4-45cd-b259-837d124499b3;Raspberry Pi;
1881468f-bfd4-4415-8e68-542cb0487f5a;ETL;
1d400723-5748-4dae-b455-2ef23bb70ced;RabbitMQ;
80280e9d-f3ba-4da4-8dcc-01d8ffb0eaee;Ruby on Rails;
79700e0c-ca59-4621-9eb0-78e36619df7c;AWS;
197a5c59-d6a9-4ced-9847-01bcf41098ce;F#;
d07a79ab-100c-48dd-945d-020bc69731a8;IoT;
ab93493d-8faf-4ce9-846f-17722f00582b;Google Cloud;
83701ed2-6cff-4fe1-adb0-bdca4d1b2e52;Smart Contracts;
a2a6e0c0-2951-47b3-8e21-eea770830a5e;Microservices;
3b5b517e-0fbe-4078-8e91-a2322f0e1ffa;Real-time Applications;
8c18ba0f-5875-4c0a-a8bb-0ea7d53ac79a;3D Graphics;
566f951e-40dc-4eaa-8254-9d6093538d93;Game Development;
7f9bbf03-8dff-4a88-bca7-73e7db924b0f;Clean Code;
3a6cf575-3817-4dd1-b507-0d8c48a83757;Raspberry Pi;
2d9e0f24-33f1-46bd-9c49-4e8afc33ac02;MongoDB;
70ccfc1d-c5dc-4921-a427-8a64c81cbb7c;BDD;
e35f74f6-5b88-4b1b-939e-18659a3a332a;CI/CD;
73ec813e-bb2f-4c34-a696-260784821a74;Haskell;
90b1c381-195f-40d8-bc09-7b6a2e655ab0;Flask;
7fcff9f4-dd08-4b9f-a266-c0fa6b9c84ee;Data Science;
38125860-8fb0-471d-834a-34030992f961;Hadoop;
4f2e1e4c-7288-4118-9cd2-fb8d93930109;OpenGL;
3a54dd1f-acc2-4ece-a5bd-fcb48b3da255;OpenGL;
2eeec569-2556-47e9-ba8d-1454dc45b373;Real-time Applications;
20376311-f679-414a-82b9-465086b5f4e5;Computer Vision;
8fe8b89c-4bce-4528-bc72-ec4bb55ad72b;Ruby on Rails;
f48420c4-d6e4-43f3-a098-1fb970fb9b48;GitHub;
512a3da3-1be5-4521-93b7-e9b2539d6077;TDD;
ca7be6a4-384b-465f-8395-974866a44ac3;TensorFlow;
149666a9-5b11-4be3-8136-727f9ab497bc;Game Development;
bd5d4ec0-d17d-4e92-88fa-50a0354c686b;Scrum;
e3708bcb-f94a-4d35-86b7-f6f07c89c77c;Pentesting;
a825bc30-d494-4dc0-9b84-7f1b2fca6d65;Kubernetes;
23a538cc-9f84-436a-afef-1bd69a709c65;ASP.NET Core;
dbf97f9a-0d43-4779-b52c-dbf27aebce33;Raspberry Pi;
c33560dd-6c95-42ca-926f-b00ceadd4c03;Shell;
baed1ac2-199a-4dc6-9470-8e5f6240f574;Arduino;
33a35dce-6fdf-420b-8523-c0807ed0639d;SQLite;
0a22cfd5-1cc7-4179-bfeb-af8ce3da73c5;Vulkan;
7dfe4697-d319-4a39-897e-47eb7d6a4e21;Redis;
fbb1ee1d-d5b7-4826-a44f-8add6a38ffa8;TDD;
ba461216-2249-4895-990c-86c5f019cae3;Express.js;
4f6fc090-7ad6-4af0-ae54-c7cc13ea18f4;OpenGL;
54cbb18d-8216-4c51-8548-dd7fb0fe9c3c;Smart Contracts;
3f6cc7c4-ef45-45ff-a4bf-d27e7ac38b64;DevOps;
5026e1cb-a5f3-490c-9c23-58edea3fe658;Computer Vision;
4884c1d3-c694-4fb2-bd45-c36ed6722802;Java;
e2bfb1fe-7f4c-4e23-903b-a1c50010c783;Big Data;
862894cb-5945-4d04-9062-f97ce8cbd7e2;PyTorch;
64b48afe-1e59-4366-a0ce-a9f51c26e2d3;JIRA;
6779afdf-3f16-49a9-b3f0-f0fe72d3feda;PyTorch;
8fa97753-c239-41dd-94b8-62757eca9536;Python;
1983f17d-4bce-4a7e-bbf1-3b84582bf5a3;Ruby on Rails;
af37f840-41c0-4f7c-baad-2ba2a936c091;Blockchain;
5a1c20d2-aa0d-4cfd-b492-5a2888175e69;C#;
d3605f35-49b0-4def-9d8a-be3bbce6ff9b;React;
a73c895e-c6e4-49ac-a9ba-e04ad9cfaebc;Objective-C;
f4234d20-afe9-4fec-af31-e012cb972c04;Scrum;
06126b17-0345-45fe-8b53-c5c3995dd9c6;PostgreSQL;
6f3a7745-e14a-4c3f-bb2a-787bfd1855d8;R;
96eaeeea-e856-4cc4-8375-e86e332bba43;Angular;
de1728fc-6cb3-4baa-9711-65ce2752f775;PostgreSQL;
716ec951-cf61-43f1-813a-4af659d32a0f;gRPC;
ae73cde2-0ea7-447c-8ea9-29ad5f841a8b;Cortex-M;
ef31002f-0670-49d9-b4ef-de315ddb353f;3D Graphics;
41e3a3d1-2e90-4396-b166-acb224cb56ea;Git;
c2dc86c8-0e64-48cf-8254-c8556d16f8e8;Scala;
099a0748-1d80-482f-9af0-98f481e3f426;Arduino;
d16118c3-ba9a-4ac8-b680-db2c57ef6583;Computer Vision;
7003a74b-43d1-451c-b655-c06b1e0c2b8f;Hadoop;
eb2cadb8-8d52-405b-ad9c-f09d200846a1;WebRTC;
8a7f61ae-21ff-4558-b905-7c5c56aafbfa;Computer Graphics;
abf9f6ee-7826-4217-8c6c-78e17d4ee346;TDD;
1e208db3-0b07-4d54-99de-3ba1550c8cda;AR/VR;
9ea3653a-0b54-4184-bdc3-887c502a11bf;Node.js;
d1b7f324-6774-488a-a8b6-bf4450e31c97;Software Architecture;
7134adaf-ff09-400a-ba3e-9c5bf9e999e1;Laravel;
9c103402-e181-4c8a-b48d-221b15de468e;React;
b14e285a-a137-43be-8afd-5f48fbb6fbff;Cassandra;
c2cf63fe-3016-4ba8-b34e-18e4f42b92cf;C#;
021290bf-8561-44a4-a9e4-fef27aac52bc;Symfony;
9ef8a347-53bf-44f9-baa8-4f289173d5f9;Embedded Systems;
dc1785e8-70f6-44eb-a35b-032c9140967d;C++;
99102976-24e9-484b-ba33-486babbf7bf9;FastAPI;
411cda28-68f7-455a-a9e2-1bc90ec5e14a;AWS;
3a9f93a8-220b-4074-a5d3-0beee2c83d17;Ruby on Rails;
2a4633a6-d979-4691-9a6e-8516dadea870;SQL;
e60edb54-1bff-454a-8dba-aec2e7171c92;Scrum;
b43bb0ca-7b6c-4c90-a46f-30b4b4c43181;TDD;
5135454d-5038-450e-aaa8-5a9da935d3fc;Cryptography;
2b80a081-75c4-4d5c-95f1-9e6b2a4555d0;Embedded Systems;
3324155c-0914-4be0-a7a2-629f4ae2eaea;Scrum;
bc880d53-b467-4065-bb91-a2d05ce3fe21;Firebase;
4972e108-e46c-4b98-8a49-b542d2a89ec7;BDD;
00d2dbe2-260e-419a-9ad3-d11090789e97;Docker;
d6ca6f65-d418-4fcd-90a5-9d9c00fe7671;C#;
87e1e993-fa34-4665-bba0-8657996f9e6a;Embedded Systems;
717629a7-6846-448c-98f5-ca72835240b4;Clean Code;
3ce220b0-54a1-41af-a9f1-497750aedbc0;ETL;
333f9a55-f6a3-441b-8413-56e008ccd426;Embedded Systems;
022e9378-e8ca-485c-8651-4ca6187f38c5;Flask;
4afbea1b-aa02-45a9-96c1-82f280558c4f;MATLAB;
09c1df03-f36a-43d1-80d6-b03165677fa9;Embedded Systems;
c56c1908-8d1e-4adf-9954-f8bc1f65b54f;VB.NET;
0a4ec593-05fc-40b8-a5b0-37ae782e317f;Software Architecture;
2204fb4e-f47e-4189-b268-dd2a2e57d53b;Clean Code;
15698abf-94ae-45e0-a40e-33a07fc34ea1;AR/VR;
196c4d49-ba7e-449a-b3e4-67ef93632d51;F#;
3b3e76fb-a4c4-4a8c-a944-1031abd4d7f0;ESP32;
8c59264a-5007-47be-a74f-811cd2b3f58d;Clojure;
0480b8d9-4651-4d65-8922-96619fb57243;Bitcoin;
0271578a-0d84-4e31-82f0-83692345463d;Agile;
100de00e-526f-4511-9785-02acdc37de81;NLP;
923d9b3e-25b9-43cb-a6dc-1caaee4dff9e;Agile;
8053df02-4c03-459a-a287-1d57b0cc7013;Perl;
f4e9bb51-6cbe-4501-ad28-bcefc405f7a8;MongoDB;
6e685011-732a-4e3e-8088-0e02d5c705e4;PostgreSQL;
93f3f39f-9663-4308-8c88-40b24665b91e;TypeScript;
dc95a087-0ab4-4d40-93c8-7fb1d415ad70;Pentesting;
0b825c1e-a517-4dc5-8474-169ef965d417;Laravel;
604b531b-a760-4ad1-ab55-5abf4041b415;R;
9dfce9b4-5ef3-4552-8ce2-29ca643a7e47;Firebase;
e27fbf53-8e49-45cd-af0d-603f22a39e72;Cortex-M;
de330343-d205-498a-830f-b4556e910467;Clojure;
10707bcf-2517-4fc4-93fa-0cceb52eb6ac;Express.js;
fdc5d169-b975-4128-8c53-f8606bcdbb77;Kanban;
e0987cbe-1180-4f56-94b4-37d7331a425c;Hadoop;
e56f7e31-325a-494f-9fa7-68a9de514ed0;NLP;
0f10fbfa-42d5-41a9-acc0-2ced35b5575e;Java;
57d6485d-5e01-4269-a976-1f65643c3ef1;FastAPI;
a49e2d65-f4db-46ea-8b98-199c151ad7a2;MongoDB;
0dca6d2a-410e-49e8-895a-31fb69a849e9;Objective-C;
28a424b6-c475-48b5-ae10-e2443af0630e;gRPC;
5e253b0b-cc7e-45a6-a548-2c92c56d2ddb;CI/CD;
4e77f6e6-95a5-437b-943c-0fa61c456608;Machine Learning;
bf004eaf-1ef8-4b75-9eea-ed0d0847875c;JavaScript;
08e86733-5a6d-4a03-91fd-973639fc5ba6;Kanban;
c04c9659-5f71-4e81-9337-084744df9c59;SQL;
f7ac118f-01aa-407e-b5d0-62be453a4cb3;Cassandra;
792dfe77-de02-4012-a403-8d40dc555d05;Machine Learning;
5c4d4525-9c38-48a7-a2b4-eab0d08c72f6;Pentesting;
bc271862-98fd-47a0-8a8d-b51286be063f;Perl;
ece72046-8f1c-4163-b209-89bba06c7a88;Deep Learning;
b2049a57-d485-465f-9860-e8dcdee4a240;Apache Spark;
e1ef78e7-a4d7-4d5c-abf6-1c8bdc5e35ed;F#;
9cc25091-7b09-4b7c-af52-8abaa4f3ea6c;JIRA;
f0e31097-e6fa-400a-9d47-9deb3fb31394;Pentesting;
d0e9b922-f207-42f0-a175-dc082ff87aea;Django;
c8625250-bd38-4b37-96d9-b80cac57d27d;Ruby on Rails;
0af3a0ab-4f03-48f6-b947-c25867d7a1f0;Agile;
5043e288-c992-4227-b6da-16cc87718ee1;Apache Kafka;
9a1082ae-90b2-43f8-b92d-a81f851c2a77;Blockchain;
f338d558-c179-4a02-93f2-3bc60f5d70fa;Git;
e9eeeb82-dca2-4874-92de-aff0896522e0;Laravel;
e44b4d99-1aa9-4ec3-a49c-52337d5c57dd;ASP.NET Core;
08289849-012e-4140-82c5-8842f5879cad;Arduino;
683c6147-9c05-4a1b-a38b-68dfdea72ca7;Scala;
49fa5b80-c543-4493-b010-abf0be36525b;Java;
c00762d5-1e7d-40cf-913f-706209c18bd8;Angular;
905fe0c7-32e1-406a-a02f-79642896d6bf;Solidity;
34a44415-2b16-4eb1-b173-31057bf84ae5;PostgreSQL;
56f48928-bf2f-4f1c-a772-622e2cdddd33;Kanban;
e551c60e-e3a0-4526-ad2e-2153fbfda3f0;Unity;
5f3a2d00-cffb-451e-a09d-d1521c4632be;R;
7a7ac2c5-5b50-4d61-a433-42b6ba712d2f;ESP32;
bbc60c52-9283-4dfe-97c3-83a3ce070d3a;Go;
c0784c88-9919-4d0e-8129-2dbf8f445ccd;Redis;
4a4d7a47-9c1b-49db-aed8-01cfd810f3f5;Data Science;
54889f67-328b-41c1-b50e-c76d9b457769;IoT;
94731794-30b5-44ef-88fb-0a424991883f;GraphQL;
da2b31bb-4229-4952-8552-734023f33752;NoSQL;
bbe42eb6-4867-4b10-93bb-4cfd342bf359;Apache Spark;
bf2a4a93-34c8-4c32-ba17-4964c673a2a4;NoSQL;
b77c6aed-0244-437f-bd65-46ef484ebf88;SQLite;
7fbf46da-a4be-4188-9b05-7382749bb048;MySQL;
3a332978-49fe-4aae-a10e-b606204b091a;NLP;
b7fadbe6-42ae-4bd5-86a1-348677203410;PHP;
5420650c-ebaa-4c08-8c9d-82ff480dc0f1;PostgreSQL;
d03e0cd5-7efc-4727-a198-386abebb318c;Reverse Engineering;
31985876-4f99-47f5-8f5e-69a56fce2da3;Bitcoin;
3e7efa56-3070-4c40-9bc4-9213674d069d;Computer Graphics;
02ec065c-d9fb-4061-9f8f-79f8c97997ea;Vulkan;
345ff6c4-491a-42c3-bc1c-8157b4e555ba;Julia;
070db174-e7b1-4af3-af6b-1d352ce6ecef;NoSQL;
5f866c03-1bf6-4e49-a050-e3981e5fd915;TDD;
ac5aee4d-fd27-420c-b998-ca8f2ea756b8;Groovy;
a8b7214a-48d1-4fd4-a378-8833433479d9;Django;
847584a0-6e82-4e4b-85f5-d2f20772b317;Clean Code;
9527fda6-ad87-42cb-ae35-ae951470b1c0;Shader Programming;
2cfd921d-126e-4960-8300-60be4228ce7f;Trello;
2cb628e4-e850-492d-a61b-7193055ada34;F#;
6ad72a03-531a-49f8-8b29-a34dba608412;Clojure;
99d607ed-c3b9-4463-babf-8af115cf6a96;Docker;
594781ed-9640-4825-be36-4a32502caf49;Docker;
1410e933-033a-4a77-9099-0070478a8e85;Dart;
122ae164-fc21-4332-831f-589252a216a6;MySQL;
8fe51a81-de23-4162-a0a7-f0eee95347bf;Django;
ac559311-8eba-4a70-9152-babd4f78dd86;JavaScript;
6cfb2e90-e227-44bd-9ee2-06b66d8dfe17;REST API;
49e23369-474c-4d0e-b07b-acff34bf9cd9;Cybersecurity;
7510091b-26a8-4762-85b1-5d732b40784d;F#;
10a49f3b-80f6-4baa-8b32-07bb2e37a845;SQL;
b65c1423-b5fc-41d7-a7d3-3c39d15a4242;Scrum;
ec1b0498-5c97-4b37-a810-b1f347d61d57;Julia;
4efb193a-f19d-4306-95d5-0da976799d35;MongoDB;
89132ae4-84a4-44c3-9d7c-3ddb3c1d317b;Erlang;
6cb14572-f394-407d-b242-2e56eba7337a;Shell;
14799bb6-2118-4c7d-a4c4-4f81be275714;Go;
6d423f22-b228-4095-8984-64aa0d4b140e;AR/VR;
51403140-c358-46bc-a5cf-924c3c171b26;Terraform;
53731be4-2440-4881-ac05-c43ab4bd74cf;Elixir;
c817ed2c-1f83-4dee-9210-2e3247a273a8;JavaScript;
b24edcf5-c652-4447-a1a6-71f3f2173e05;JavaScript;
a009ee3a-caeb-4b30-9293-defa63e9a450;OpenGL;
12c49261-1566-4d7f-9b4f-5a1a4490306f;Kubernetes;
66f5e2f4-9aa6-4192-b078-d42b589b4b57;Lua;
46a0191d-f88a-488f-b6a9-146d5410964d;ETL;
56eaa2a6-8991-4bb3-8d2f-517da6b7a9e4;Computer Graphics;
afe1f8e9-91e6-4835-93e2-d0ae6b8063b4;Scala;
f1627b61-cea2-435f-8034-825ea3d00542;Flask;
dced1c6e-677b-4854-9674-eebc7854de6c;Big Data;
29ec7d0c-a2b2-45d3-bb8f-c1c5de17ef75;Embedded Systems;
5ddf092d-3db0-467b-8f8f-cf09174753ba;TensorFlow;
c0800b82-0405-4092-8c37-378fb5654a15;Dart;
b3734615-7b9f-42e2-8fc2-9a6bd63659ca;Reverse Engineering;
adbdf8ae-9833-47f4-9ad4-c696c27ce7a9;C++;
df939751-960f-4ecc-896a-3146a5e3c4d6;Data Science;
5137719d-fde6-4dc3-b9e0-a7fc7d85528f;Real-time Applications;
f41475bb-7e9d-4a79-b9ee-d46d9f04107e;Shell;
a8a187ab-f440-4f7b-8af0-e544a96f3ea4;Swift;
e41eba45-7b16-4e4f-acf8-66e34723dddd;F#;
34e98d85-6069-48e2-9fb6-bf8c56d5c6e2;Google Cloud;
c039a48c-d2eb-4de2-9da1-ba2617abf287;Ethical Hacking;
10fce65b-f6dc-44f3-9f9a-7b21b11d168c;Ruby;
f4f3ce74-b655-4edd-9a36-71c1209d3e57;F#;
1495a526-4ca7-4271-acdd-5ef82868e1ad;Data Engineering;
9785f614-c7dc-42b7-a476-31474cb02984;TensorFlow;
c1c1c4bb-26a1-4c5b-87fb-895d75943c65;3D Modeling;
803dc5c9-9f4b-49f2-a8c8-8957a5d2aec4;3D Graphics;
bd348e37-0e07-4c82-ae0e-2a0130593a7d;MongoDB;
236aa3b2-7598-4b1a-9cde-7631f9ad1c10;Big Data;
4d730b8a-69ec-45bf-968d-9d90cab0ef08;Objective-C;
836e92b6-cbe2-4d5c-96b2-df98ec458098;Laravel;
9b6f5eeb-c53a-4b81-8e18-831ae128e180;Vue.js;
158d9de1-2b41-4a68-ad78-d0e0add0471a;gRPC;
dd6120a1-daa1-4dc2-99da-d81413714fc1;Scrum;
bd7756a5-1745-46af-911d-c82ea65a0c74;Django;
aea3beb4-c42f-4171-8530-0e57629d00fb;CI/CD;
3bd935d6-212c-4e85-af0d-57671a6c48fe;NLP;
d4057e7e-40c3-4771-869a-040e4c8d52b1;Cryptography;
d1486cdd-e37a-414b-b16d-2b5d027f19f6;PostgreSQL;
bde9abb3-1d80-4a7a-8320-23621a96358e;Java;
b99e325d-bd8b-4f6d-bf08-dabb5514ef14;Ruby;
ec407ab4-3150-4f88-b4c4-f4e9cf15169c;Go;
06699e61-9638-49e8-8fc1-bd2d293e3022;Kubernetes;
e125f71b-58a3-44bc-a11e-6f5c77e5b220;Apache Spark;
9eb859cf-5b2f-4aa2-badb-562211dc59d8;Computer Graphics;
3afae808-b0ea-4ee6-9af4-ae451167c8e8;Apache Spark;
32420a87-7dbb-4795-aba6-138dab21dbc6;Node.js;
39f5b958-c10b-434e-a4c2-96c61467e91f;Big Data;
40a4351f-f1c1-455b-babd-f87417e866bf;AWS;
2deade39-640c-4e91-aa54-6b2d840e05ff;Agile;
107bcf3d-6d36-45b6-8757-e57753c31814;Symfony;
4f2836e9-f6ca-41ca-844d-a6a822d085b5;Bitbucket;
0947ad5c-c9c2-4b32-90a3-07b50d74066f;GitLab;
c652a19f-8e99-47b0-ae37-2b81fe015471;gRPC;
6ab2a0f6-cb00-4a68-9194-12f86ff5b192;Cybersecurity;
d2d3034d-05ca-4ff6-941a-c26b791fd17e;Software Architecture;
680fcaa1-cd8a-422f-b4c6-f72850da3fd1;Microservices;
1e60c258-64c8-484b-bd11-8de8da4c10a9;Software Architecture;
207e3177-f896-4c99-a130-15ff3f948f6c;VB.NET;
76aa396f-49d3-4d45-a3b4-7c2cda0388d3;MATLAB;
7ab21e28-a2c9-4c74-b7ea-ac9e3b1a2a71;VB.NET;
b33c6b44-f917-4019-a036-dc6a4749b656;IoT;
d4443500-ac0f-4705-a0cd-94e61e62de37;Elixir;
c88d9950-c228-4387-b199-627e4bf437f3;C++;
c3868d66-744c-4e5c-b2cd-a8a50f551202;Python;
07446ac6-f9a9-42e8-9736-da77bedfdc28;NestJS;
78555a99-0cae-445f-8d53-b0e942fdda39;Unity;
a5fe6e96-b51e-48a2-9137-4165d6a97f36;PyTorch;
1c4a7d95-a6d3-4c51-9cac-2e6f50989aba;NoSQL;
812d8a05-6b75-4afd-a9ca-574029ac132d;Agile;
b0ee72f1-5d07-410a-bc98-3ab6968e3218;Cassandra;
85d1fda0-41bc-4d7f-a98a-781ee71d8735;Java;
c07dbe06-5f15-4812-9e42-f11d03bb35ef;Shader Programming;
01d76aef-e747-4fe8-93f2-3c2497924ef6;Pentesting;
402ef056-4911-420e-b8c6-ad15905565b8;Groovy;
d53dc2fc-9342-4fab-b741-599aaf6bf897;Azure;
724b99d9-b9e7-4fc3-bab6-fdbcbcd8e3c6;NoSQL;
15c6b9e9-ea16-412a-973f-d6af35155a09;Microservices;
b7f33d0a-7aac-4cd2-b558-041ca6ac2b7c;Django;
209c9c3c-2baf-441a-92bf-14ce99fbc0f9;C#;
12202132-48b7-4a8f-966f-376bf4f8cfa0;Arduino;
7329e3cf-3b49-49d6-b645-4090284f8d86;Python;
55b90046-abc9-4967-9bf3-7c8fd1e66d17;Groovy;
2cd152df-e656-473d-99b0-f747fe63d9b4;Ethereum;
3e7def76-d08c-4790-b674-7ea09e2b4054;Shell;
892c8587-a160-4bd0-bea3-363be2b2b17c;DevOps;
670d623a-2ec2-4258-98ee-f194cb9862f6;MATLAB;
04285ea9-9f11-4615-afcb-ea18efda07df;Data Engineering;
c2918197-b8b5-4f85-88f8-6736628948c0;PostgreSQL;
63661f99-d50f-4e2e-91a3-2b6f6b511194;Azure;
d2b89dc2-f58e-4911-b6c0-a5451a16ad65;TensorFlow;
df13640f-3ebb-46a1-9fb1-257b2bc414e0;GitLab;
14ca8f92-0c3b-459e-a09f-3a74a39d9d76;Big Data;
12cef46b-895c-4f2d-a283-8e4ca94c1e4a;Angular;
9a1368d3-0ddd-46d1-af42-d81178c0cf5b;AR/VR;
9cadef6e-f069-4fb2-82d1-060664960086;Ethical Hacking;
83750315-8bbd-48fc-a527-704ce7ce66f9;Embedded Systems;
ab23d985-7fcc-4cab-8aab-4d581e4c7e76;PyTorch;
90115d44-dc4e-4ee9-9b28-f45ca5bd6dc1;R;
abc3fdc8-ba54-43a1-9e5f-40d04fb7a089;Ruby on Rails;
e1b11aa6-88c1-4fbf-8e63-f73dcfc331c0;TypeScript;
8d961d28-1e9a-4df9-87d3-5f7afb8a6a35;PostgreSQL;
219779a5-ec48-407a-bd30-c4c8dd046f69;Lua;
6731d32a-eb67-40dc-8d52-52588076afcc;PHP;
d2db0cf9-350d-4b7d-9231-f2b3a546dd49;Microservices;
7a6b361d-da30-49a0-a2b1-222c929b0c4f;Lua;
81b4b322-d3cb-4d84-b2c0-62e2e297db64;Django;
805fd8bf-30a6-4126-a3a4-11523271cf08;JIRA;
a15c49f5-e452-479b-b65d-90728a350a0c;Kanban;
982a9ffe-968e-4e16-8ad9-b1c566438f5c;Cybersecurity;
447a3cd9-85d4-4205-ac1e-c10a57639c52;Azure;
aca1283a-b460-4683-88df-4dc335d7e6c5;Kubernetes;
8e5815d7-60d7-47b3-b867-f3c90bc2ce93;Lua;
d2946c79-ba26-476b-96d4-831a371e028c;Real-time Applications;
63d563fa-a8ce-4651-86c6-191b4fac7305;Google Cloud;
e989413f-fa89-4c15-925d-408bd198a5f2;Data Science;
82fbc471-e0cc-4631-8861-161483a86134;Julia;
14727cbf-52bc-4622-adb3-902de04cdf8e;Microservices;
7a25b4d6-f304-4f1c-bbc7-13db249ba0e5;Flask;
bcda6523-47bd-4b1a-8d34-ddd8fc368e5e;Redis;
f117eac4-a6e5-4525-a57b-d3bf4909bae9;C++;
41285b08-3d79-4c8e-8de0-c270f18c1177;MySQL;
51b590c5-4700-4cbc-b8b1-a504a69d8502;Ruby;
1a263c6c-4ce5-438b-888a-0c2d1450546c;BDD;
8042c986-c4a0-4cf6-b7d6-6f1b48a67243;Unreal Engine;
9e8a577d-10e9-4bed-88ae-476dee9a5cfd;Microservices;
1cddfba6-75c5-4b39-b8ed-af85a946e63a;Blockchain;
6eae2b5a-1b6b-417d-8ea5-a335691b1134;WebRTC;
dae90c97-d53a-43f0-90b3-e11cdd64b2ae;3D Modeling;
5283cff1-7df9-45c0-b1b9-4b6c7838a95a;Express.js;
93261cb8-f945-498b-910e-36a9876ab9f1;Perl;
bb4e7641-77d4-4401-8a0d-906b3d151d9b;VB.NET;
9f59486b-547c-4390-81d3-f7b9cf5ebb40;JavaScript;
0d98de8b-7b87-4758-bb67-e985c22e8416;Computer Graphics;
7233b320-98e7-4b20-a544-300a5f502732;Haskell;
960bdde0-968a-4660-976d-cf6751fb54fe;Django;
f4cca941-561f-4364-90df-54e9c941e9eb;BDD;
5a0c85b9-b67c-4776-a907-d0d1d399ba03;TypeScript;
d2fde941-74b2-484c-8c6a-8ce850b2c2b4;SQL;
1ccf3476-13a3-4c7d-a427-517df7600ccf;Azure;
71d65fba-3187-4844-a691-802233a425b3;Apache Spark;
8a5d44fc-ade2-4f60-b3a6-bc1f9f4eeaae;GraphQL;
e664b771-91e6-43ba-a124-48188bd72cc0;Apache Kafka;
25ba1963-d8d3-4d1c-84c9-0625b45aa0ee;BDD;
0580e8af-7430-4a9a-8128-e15058f6de9e;Vulkan;
4877899c-4f43-4aa6-ba44-3ad28b651f8f;Perl;
00f1d5fa-24d5-4e58-9bd4-acb8a9a84745;Software Architecture;
14949563-42cc-4485-a99f-484394a2a520;Cassandra;
2dcee947-034b-4a1a-ab7d-08b994f30261;AWS;
31ab212b-c122-4900-8db4-d8b8298d865f;DevOps;
eddc2316-d795-4f38-8cc7-fed775538a8f;Google Cloud;
10e48a5b-2d09-41d3-858f-577d61f18584;Apache Kafka;
7f94c819-daac-4f83-bfc3-db4cf4ca9c2d;Django;
202311a1-8108-40f0-86a2-665f28f69dfc;Shader Programming;
465a70ac-e43a-49cc-b58d-cfa6e87e1278;Shell;
be2fbaed-0f5d-4520-8134-3dfc5aee1bee;C#;
67b59066-169e-420d-93ae-0a61b4e76c2d;Swift;
c49b4b5f-d15f-4e04-a6ba-b504a1d70cce;NestJS;
80b33124-64df-4265-a333-480c806b0fb2;Clean Code;
46c6aefe-98be-49d9-bbdb-6c1615eaccdd;PHP;
8a13a40e-20d7-4842-92ed-2bfd636ab581;Raspberry Pi;
751e7d60-23af-4961-8339-173d32a45b19;Cassandra;
9e329dc6-f61e-4d6a-be19-db63a885ea3e;Data Engineering;
7d7b6ab1-a689-4d72-8b62-5aa360e8e911;COBOL;
dfb820a4-9722-49fe-9340-764a8c0a12eb;Smart Contracts;
01c3d78e-5028-4c42-a2ee-980afe60f285;MongoDB;
1df39328-c9e9-4100-90fe-0a1c0904218f;AR/VR;
9602c3f7-f740-414c-a807-734bce9f1d3f;Laravel;
9811a1d3-a151-4dee-9647-c26f752365fb;PHP;
b71c08af-e9cb-4fa3-874b-1a51737557a6;Agile;
e00ec41e-2f28-445c-af39-f54167c66c2d;Firebase;
0e5eb4fc-9652-4acc-8d63-e7e31f3f139f;Erlang;
eee9547c-2d9b-4dcc-8fa5-7f9fc6343ea0;3D Graphics;
9f742fc6-8191-4f04-b630-2b7c25d692e7;Google Cloud;
86520c7a-bc9c-4764-91ed-74d389cf6a5f;IoT;
37c64d1b-4e0d-4265-b875-9c367ad3545a;Computer Graphics;
3ca121f3-e4c3-4ad0-8617-4ce2cfc69300;Angular;
18290abb-1287-47fb-bd9d-1898aee6f8bf;Objective-C;
9d60d01f-c8d3-49e6-81db-a17323350fc4;Blockchain;
d0e04dae-9a5e-47ad-a2e6-7531c865cab5;Arduino;
9d3ddb91-4724-4609-84b8-7aad2a3c0e45;Julia;
78e95e55-5e29-4c23-954e-218ed475b46f;TensorFlow;
6ca9e82e-2448-430f-a3de-ed7a135bf65c;Shell;
fb10a1f6-1ac7-46e9-8984-27e0becd3f65;Cortex-M;
ed4d927f-15ac-4855-9b84-d6a3852b56e0;GitLab;
b97431eb-134e-4ca2-9042-0c8ccb5ee13e;Vue.js;
0a3009f1-1dc3-4ce4-a1eb-807e9191319f;React;
ce586794-0bdb-4646-b4e0-215b93f0280c;Cassandra;
f4fd41de-7f1d-464c-94cb-d4ff72eea9e3;MongoDB;
cbc2e73e-f386-450d-ae9b-179a4d3548ab;Bitbucket;
b5c47199-2866-4a1a-a9b4-3d12e66e0b1c;Scala;
347d88aa-4eff-4cec-97b4-248792194791;Dart;
06fee881-1d99-4018-9c7a-5280b2198e48;Deep Learning;
461d99f9-63b3-4fa1-8406-71a1bb6e7f55;RabbitMQ;
7ee2119d-9b4c-47fc-94cf-d753b3cd0681;NoSQL;
245b289c-7126-407d-960b-1af38bf343c4;Swift;
8946584f-bed6-45ed-83b6-3c94d3eacd99;Dart;
510e1f85-273f-40d3-91d6-ec2799654602;COBOL;
e59a8a37-7f0d-42a5-9935-9b50087823c0;MySQL;
5c8b2aed-0b2c-4547-b98d-eebfdcabfbcb;Rust;
85057a1e-57a8-4a9e-8838-d9eb1dac368e;Groovy;
b0cbcfb6-c20a-4acf-8297-fb9b145a8909;Embedded Systems;
ee05314e-10ac-4e94-b97a-498f7e5eff39;Azure;
dd24ff31-43dd-4bbd-9393-aaec8c6e9d9b;Google Cloud;
1a74d090-b20a-4471-ac5b-7b204342644a;Microservices;
c0113bd9-a82d-490b-8e13-53f3d38abc3e;FastAPI;
ee7513fd-3499-4918-a0e3-bf85860a2303;React;
063f2f3e-9a5e-4014-a7e0-a4d580d328db;Elixir;
13a27923-7d29-4fe9-ba91-071fcdce3974;Java;
cd669b02-769b-44cf-86aa-7bba0e09da3d;Kanban;
c569175d-b08b-4c68-aa9b-59974dd57423;Vulkan;
bf3858de-4171-4d21-996e-4d90cc8a736a;Ethereum;
8c623377-80c9-46a8-801a-a95c50b15582;Erlang;
f1753c3f-fad8-4e80-bff5-77d712da2e7a;Apache Kafka;
7fc3f345-522e-498f-9ad0-b149218f7a2c;Vue.js;
3da03c69-769b-495b-91b8-d8756d64ed13;GraphQL;
a43f2907-7df5-4085-88a5-4bdd4e2e9ac4;GitLab;
efb129a7-4dc6-4018-b856-a2f28891e7e3;Dart;
83a1d1f1-5cd7-4b3e-8103-9008e938abd3;GitHub;
c3317526-25de-480d-8ccc-3a7bdc2cb1b3;FastAPI;
0f82285b-0264-45f7-b605-b49635011750;DevOps;
d02f2ce1-00c2-4da0-85f0-2b8036dcc63b;REST API;
1b661dfc-d88f-40a6-943f-046f70f98b96;BDD;
e427f303-c955-4804-8c8c-01be69e518ae;Microservices;
faae79d1-9e75-4202-b9eb-1e0e73edbfdd;ETL;
cbd68292-a6d5-4426-9570-6440ec7b90ba;RabbitMQ;
a870dec0-8e54-4916-94db-b5cfdb195c17;Redis;
38d4ba23-2593-4cff-91b4-b4f72fd0ca33;Express.js;
7da8e3ef-9b15-46a1-a4f4-f6ff8a416fd8;Hadoop;
ba3d4277-e7db-45d7-a3f3-c085a5933e4a;GitHub;
a8399d36-10c5-4859-aa1b-1055e6a2c66c;TensorFlow;
8973d796-d3be-44fd-93d8-f45165e7bd7c;IoT;
07f56fb6-8529-4b73-9edc-68077ba0241f;Solidity;
36fbe0b6-9026-4b8c-8330-d428f0b018aa;Reverse Engineering;
d9ddd628-422e-4b87-bd5d-c87b32e8ee43;Django;
cc7198d4-931e-47b0-b8f7-972921afd57e;CI/CD;
f755099c-f669-4fbe-9a51-f61d99d69040;Django;
d58413b0-5ba3-4d89-9042-26fc44f29192;Unity;
cf22264c-3e71-431b-891c-cf3f215d6e92;NoSQL;
0d7a522f-af63-458d-abea-b6c151be9951;VB.NET;
b8e21e5f-60de-4549-983d-796327e2666d;Big Data;
eb4c3d79-8692-422d-a066-fb4222e875b8;RabbitMQ;
f3929fa8-e9a8-40f5-ab3d-d987e3338f04;Scala;
f4067ca8-bc95-427e-8795-cbeee448e192;Spring Boot;
5501f652-863a-4bc8-ba29-bed6390a1daf;Kanban;
05f40316-fd06-45d3-a507-87a66d04dd48;Spring Boot;
1409937f-f9fc-4f68-b4f8-ff620102dd4f;MySQL;
6e048ef2-438e-408d-9ffd-e8359df21a9e;Spring Boot;
a07972e5-1d28-4808-a217-88842d06a833;BDD;
a553d128-f913-45f6-a7d5-f21fa46986cc;Computer Vision;
5362f015-7799-4771-ac21-022d8f293377;Software Architecture;
1fd89c90-7b37-4e8a-9334-763990e99ada;FastAPI;
01aceddc-74c8-4c5e-8441-4653f57a4db2;Git;
85d33ba0-3c66-4d11-ab3d-3bec7027b399;Agile;
fc3943eb-5f4a-4394-b62d-ee7e96faad3b;NLP;
86bb3bbe-aab5-41b3-aca9-6a913288549d;Firebase;
75fc1818-41a9-4c2f-b155-7a158aac396d;Solidity;
2cda8fc6-2f1f-435c-a7f3-d9e845365bc2;Swift;
ea9f3276-3d90-4a81-a9c1-d20143021e89;DevOps;
f3f53d55-43db-45d9-b722-18681c5b123b;AWS;
0fe19d1c-261a-4a02-a6a6-cc5643041e45;Unreal Engine;
604801d1-ee57-4166-840d-59796727687b;Vulkan;
518b9e53-339c-4a27-91d7-e9d0041b63a7;Ethical Hacking;
2446c2b7-df9e-45c7-bba3-30564a41e1b6;Redis;
fe998d19-177e-4503-8135-f7dca4a91d47;Cybersecurity;
3aa79976-8156-4a2f-9abb-bdcb6911ceb9;Swift;
1432fbb4-d96a-497b-b492-e9e2d3e0013e;Smart Contracts;
36760ed0-707a-45f2-8f9c-a2fe2cbd5f4f;Dart;
89528ffe-1605-44ea-9323-972f40527d55;PostgreSQL;
337e4311-cdbd-498a-8194-51cffcfe36e6;PHP;
ebda3277-eaaf-4012-8169-b764aa6f71cd;Lua;
b89707b1-334b-4b28-befc-44067fbc69c6;Google Cloud;
937ea1d3-7967-4193-9fd2-c7abb5175eb7;ESP32;
ba8b0e3c-67a7-4b07-bfb0-8c40b69f9e3b;Vue.js;
4ee7c4ec-60a8-464f-8b55-fa0671cb91fd;Ruby;
e72e0be5-8a80-456a-8fda-b41fea334cf8;Scala;
7b86714a-43bb-486a-8b0f-009b900d98c0;Cortex-M;
b99b1409-2574-459d-a76b-39736b23b56b;Apache Kafka;
7a3e2690-f480-447c-bc31-a9e239f795fd;JavaScript;
77547399-aff9-4d91-bb43-61ddd3aba2f2;Vue.js;
31c56877-0aeb-4bb6-be15-2082631f4a4a;C++;
efcccccd-c944-4fbe-94c8-91b9d73e0e6d;Angular;
c81bdf27-87e4-4863-bc22-6d96a7b2214e;Shader Programming;
556e70e8-1f8d-41de-aa6f-a48c790a11d4;NestJS;
021bf5be-6439-4fc2-af5d-d0cf32e8180e;Kubernetes;
d4aa4bbd-5b83-4dad-9083-04cbdeba0b06;PHP;
524d5a93-0576-485f-86e5-4d41e43b92bf;Cryptography;
3fea2524-fb1d-424d-ab15-830d09e5ab72;RabbitMQ;
1e0670a9-6cbd-4abe-b7c8-b079fd6881c7;Scala;
453f0f63-26fa-4999-910a-154c76933f03;Cybersecurity;
f6d3340e-8c9e-4f84-b427-dd74ec243c79;Blockchain;
5300eae7-8eea-4a73-aa8a-4ad12a1bff1b;Git;
3da17304-027f-49c8-930e-17bd298b248e;Hadoop;
04a38a9e-bd5f-4848-852b-c6a16e3e83ec;Haskell;
d3c5e534-1a13-42f2-81a7-f33d757e5db1;F#;
a8a95c99-8ed2-4b5b-a654-9a2405a48945;Perl;
2af6baa1-bd4c-40f8-a78c-5c3e078b32bc;TypeScript;
06a3575c-846e-4805-b373-e129a384d307;Express.js;
e874eec1-ab3e-4301-afba-347054672971;SQLite;
67412afd-dacc-482c-b7d1-5f3f3fc158e2;C++;
7b6f9bbb-8fab-4b9d-9ced-b98f547f7e3a;PHP;
ef00cb12-ea6b-433b-a33c-e6db87adafa4;Rust;
d9ee5140-3341-4a4e-b184-5f97c6e5e2bd;Clojure;
fc78640d-f7f2-4949-9602-94dd5fcc45ee;Smart Contracts;
6d7d19e7-fd3b-4538-88c8-774b73476114;Kotlin;
baa968b4-391b-4afd-8981-6da4a818c182;Machine Learning;
a02516a0-41ad-4a97-8015-2800d558d1a7;3D Modeling;
b7342e56-d7a4-4376-9adb-0ba5a7b2999b;MATLAB;
520a970c-7f5a-4c8e-bb89-483947453664;Cassandra;
1e3aba33-8263-4fa6-82ee-92674835ea49;Apache Kafka;
265cc56b-b693-4cc7-8cb4-118c965fbc4c;Smart Contracts;
76b9803c-5ea7-4f27-8d00-4ce65c3649a5;Vue.js;
8bb28f2b-c4f8-49f9-8b0c-a35478e94e63;TypeScript;
a6191bdf-9469-4ff9-a8f4-8b5c858fcb80;Hadoop;
008a8897-dec3-45e0-a65d-9a703a5805d2;Objective-C;
efa5ee47-fccd-44c6-8769-69692fa201e9;Computer Vision;
499c475f-e463-45a4-a53c-4cebf306b60c;TDD;
c9c2fe66-cc78-4c2f-afb7-81609967dec7;Cortex-M;
db97c98d-ad84-4a7e-a671-519af0861ca6;Node.js;
c07e06a8-423f-47c1-9d94-e507cfdf89bf;Embedded Systems;
3a75c1df-3d45-422a-a426-2a9ee71187d0;Apache Kafka;
7d7af9f8-e80b-4f56-99f5-3ba7b9a2ed9c;Haskell;
0f22b968-6780-4f60-b6ee-39aee000b153;TensorFlow;
380dbeb7-be2d-4509-b9e8-49a2feda94c4;TDD;
e60b240c-89a4-421b-8806-b64b0ff9f479;GraphQL;
0f61011b-1ba6-4804-9102-a548399a2fee;Cassandra;
a70fb5b2-175a-4e52-b12d-cb3dc7f3e004;Symfony;
fe2de14b-4686-40d4-b6c9-e1cca7be6206;Trello;
932dd5f7-8593-46f5-90cf-93999847c6e0;Git;
e5395044-0072-4b39-a357-93f0b5745eac;GitLab;
d460169a-50a7-4d13-8614-8a10151f3457;Kubernetes;
019ac5bc-b1df-467f-aa07-dfa0fbca275f;Clojure;
4c113b2a-f301-4f6d-a6f5-c945f59f3878;Apache Kafka;
9a5075c9-9b4d-4951-b40a-998845dfbfbc;Embedded Systems;
7d0e49bc-4682-473e-bcd2-e70a4cde1989;Bitcoin;
3bf36de6-32d3-4ea2-8db9-76dd65e1f1a6;Deep Learning;
00841f7b-d2b7-4a3d-8efe-96c2f5d255c4;Vue.js;
ad8824bc-ec36-4974-ab49-f0325f32577c;ASP.NET Core;
33ef8921-8567-482f-abb6-94169217f3b3;React;
dc4dcd68-59b3-4040-b0fb-55d4364711cc;Deep Learning;
7f101086-ff6f-468c-b7ef-dd6212d84d48;Blockchain;
574d2ebb-8ef5-47bc-8fb7-bad7f06f58df;Data Science;
fb1862f9-9600-4771-a2cf-678728ff05bc;PostgreSQL;
f99e8bd4-1a3c-4b19-8622-4567abfea6a8;Machine Learning;
a686a051-9305-413b-a1d2-24bc6ead7c31;Ethical Hacking;
017cad5c-a3a4-4030-ac95-617178d422d7;Terraform;
3f8f2df7-1510-4858-bf22-cd0ac34cc208;Computer Vision;
1850572d-5a9e-4fae-96ab-2620e667f328;Dart;
8429d68f-1f23-4b55-bf98-888d882773e8;NLP;
3cd72170-314f-4077-b4d5-c8d423a32f4b;SQL;
ad6f30e6-1087-4e80-a816-998f2e2d850b;Rust;
0f3d6768-df57-447c-934f-0a553e4de8eb;BDD;
26c9818d-9d16-4027-ace1-032945b0c3cc;Bitcoin;
e5d60673-49d4-480c-a551-e7441e6ca743;PyTorch;
d82395ea-a172-427d-8432-69a5d1de8e7f;TDD;
a4b37c86-9825-4140-af57-c4d660743a79;ESP32;
91b5867b-503b-4b2a-9c92-17a68bbb40aa;Pentesting;
b5aa8890-5665-4c4e-95da-7116f1665ea2;Vulkan;
d5aaa352-2dd6-4cc5-ac82-0cd6e0f5eb8f;Apache Spark;
ece21fe6-7e2c-4c4b-b50d-93c8463594f6;Flask;
2adee7ce-44fd-4cf6-a8f5-5fac43577673;NLP;
4a9dc95e-50a0-467c-9bbf-e33c7e751227;Kubernetes;
72b64435-0453-4da2-ac14-5d9bede5d0b0;Java;
e4af4c1b-eb5b-4224-853b-08572387788a;Groovy;
c5367a26-873c-4b5f-9730-c703784ce542;Hadoop;
b6bc6ccc-596f-4fd6-921a-0308cb33603f;Big Data;
345ea168-25b0-41bc-aa6c-735eb4ccd7ae;Machine Learning;
bf343a17-4880-4916-8365-2d0d631d4076;ESP32;
6eb1b4a7-0168-48cf-a9bb-216e8714679c;Embedded Systems;
9ef59deb-e4b3-456c-ad7b-443366e63036;WebRTC;
2fb6da40-06a7-4922-8191-28c586331ec4;GraphQL;
f657b0df-7382-40c1-899e-abe9f81ef660;AWS;
dafcc56e-9ff5-4486-815e-d95d26ad85f5;Kanban;
c6cd3734-acfa-429a-a5b4-a03003402e93;PyTorch;
5161a8b8-4001-46de-9be4-ed23919130cd;Clean Code;
ce2da61b-c416-45f4-a0e5-e260fd208081;Django;
4c6b70ac-3d36-4730-b98a-12b0bc9442c7;Computer Graphics;
260ec272-bbdf-4206-a9d8-4caf6f7cf2e2;Software Architecture;
0470edf2-360e-4fb3-9fa8-ea6482074e0c;GitLab;
be612868-74d5-4f8a-9c15-c3fe90e1cdfd;Hadoop;
56c8acf4-c5c5-497a-ad68-bfd8a76d290b;MongoDB;
3c23f9f6-5456-4fa1-9e89-5cbba3df259b;Terraform;
a377abeb-e9e0-4073-8f35-83e3790f51b1;IoT;
2e600de7-7b28-4498-ae38-a49bccdab897;Cassandra;
519c107c-33ab-4e76-9803-a009f320ab41;Unity;
2f2a5657-9d93-45f8-a146-00d8a39a4e91;Symfony;
936c14a6-aec8-4741-9256-35ffbd7d93e5;JIRA;
e921eca2-94bb-4b9e-a9c0-4a90f03f960e;Objective-C;
61567390-4210-4a10-b492-7492477d4d37;Vulkan;
8b899f32-ad2d-479d-89fd-280ced8831de;Python;
0f801339-3036-40d0-a7ad-bacdc92a6c71;Hadoop;
eb43e7be-8fa3-4402-b7cb-1d0dccffc52c;Julia;
a2b54208-124d-427b-9f77-c7355bc8637a;Apache Kafka;
dbde4e76-f2d3-4409-9adc-2fe2196f7889;Erlang;
ec1a9332-c0e7-4263-9c06-eac0d534b1d6;Smart Contracts;
8792c3dd-d33a-466a-8cfa-e046477e9514;Agile;
bec7b81e-caa9-438c-af8b-68637d416b3a;Bitbucket;
8795b664-4d56-402f-ab05-23015e7ac663;GitLab;
652328e5-5c96-4de2-a47e-3edd4ef4ae8f;Scrum;
5f976ec7-d58f-4272-a25d-f2ed3b96d817;NLP;
1cae7206-f287-4a6c-b065-452fd74c3994;Java;
c3e69dca-d219-46b4-ad7d-e998cf9bb21e;Laravel;
907f36b1-1ffb-4770-8780-0ff6f7991412;AR/VR;
51d3715c-0412-4915-938d-3689c6af0d43;MATLAB;
afe7d0d4-c081-4301-8838-6a638eec6f91;Unreal Engine;
ef0728c5-ad99-4e47-8fc7-4dcb85fb3ab4;Game Development;
19749831-01d6-4621-b32e-29f0ad12d5da;Erlang;
f675edbf-0a0c-4614-ba5f-84dde11cf52e;Ethical Hacking;
1b290db2-077a-43df-aa92-edb550590ac8;Microservices;
23db7a37-5d20-4165-aa18-ddd83287efff;Apache Kafka;
407a04c3-e118-4f87-b288-29fb61f23ac9;Kubernetes;
799985b1-1f18-4851-a020-44dbaa500676;ESP32;
3c010db7-6f0f-46bf-9906-bedd6116b80a;Apache Kafka;
e88b2aa5-9fe3-4279-874a-a8f573ad3e69;JIRA;
dd9d1c3e-6c2b-4632-8bc7-e19156d999cf;Pentesting;
3340ca52-6b81-4ca5-83d2-b71b2b4e446c;Smart Contracts;
baf78625-ca9f-488e-8ea1-dd1ba0fb419e;SQLite;
c705042b-183a-413c-a6dd-bde6ad6fe64b;Lua;
bc8e05fe-a21a-492e-a480-4b2c68a2112f;Haskell;
80ec575f-53a3-438c-a1e2-47701d059221;SQL;
ef7036b4-3892-4fb0-85a6-d21ef1500b93;Microservices;
24b0a356-4426-4981-83dc-b1c63346658a;Solidity;
b8c0293d-86df-4359-89bd-3fd2c3b3cff3;WebRTC;
c87ee974-83ce-4f0c-aed5-c037f659ebbe;Firebase;
b07d13e1-70be-4824-9795-a267df9eee4c;Java;
979aab99-c3bc-4457-a7fe-bca94c597dbd;Express.js;
1ae41eb6-76a2-424e-8d5a-f7c9ca864b1e;AR/VR;
641ee960-b5f1-4884-9bc3-83ca05feca84;Azure;
92ea1104-ddd8-4de4-97ef-2437a28a94e7;GitLab;
f6e27f63-9c6c-4384-b0fb-eb4ccd36598c;Embedded Systems;
dd4b36ef-e525-489b-8842-525059d9c363;Raspberry Pi;
4fa32053-1119-45ef-a156-03fda2502404;AWS;
16a893ea-1eb0-4b4b-bc53-25b4cfc9c8ba;Embedded Systems;
2a979d1a-31cd-4347-b5b6-ade2d70d457f;Smart Contracts;
98062dba-ebd8-4905-962a-6c9c34701b5d;Bitbucket;
dff5e198-7d6e-42e2-943c-c02c51a1ffca;Hadoop;
14d118a9-f84a-4ed2-834a-62def75d79f2;Arduino;
260b58f1-23e4-46bc-aba4-61334a8a79d5;Java;
8948b669-d9f2-42ba-949e-7dd3de94a588;Node.js;
b15e5848-59c4-406c-8c12-1b2d2abc27ef;Spring Boot;
df4fe676-4343-4215-bba0-99074d6e03b4;Shader Programming;
25ce54a6-b0a8-48e8-9e72-14acfe585e4c;Arduino;
2f3563a2-a6c6-49ec-b6c9-5b38e3b5dc62;React;
1102afd8-5bc6-47af-9ed7-566ed712d447;Microservices;
2cf040bb-b2bd-49e7-b097-8bdb825b1447;Microservices;
196e4927-b67c-44ea-af26-dc5cee9bdf30;Kanban;
f3b47da5-e448-412a-886e-871bb8c32801;Unity;
fbdd887c-0ec8-4bdf-9702-5eb2f67ad1ff;MongoDB;
7a18d2fe-0951-4576-be5a-ec9bca0b031f;AR/VR;
d9c5b853-fcaf-474d-9db8-df7ee109cbee;JavaScript;
085de6cf-bc1f-4617-b26f-ee8cde5588bb;Azure;
7b574fb6-e601-453d-8af6-2a5e661a3fc8;gRPC;
c1e803cd-546b-43cd-94e9-37171067ec79;Vue.js;
6ef21a29-adf5-4abc-a21b-e69b1af4c52c;Node.js;
353a1cf5-a9d1-40ed-bde9-89b7d8551f0e;MySQL;
0029dc4c-3dc1-431b-8c54-8a7eef937931;AR/VR;
979a938c-f136-4f47-823d-51cbdfbb27ae;Cortex-M;
b3f4d5a4-0fb2-4257-b5c3-dad8f197369d;NestJS;
f037f708-4cf6-4571-b6f4-d1645d7c2858;TDD;
1981239e-43a5-4b22-8e11-1bd8b7328be9;TDD;
3861b5c5-ed6c-4b3c-83b2-0bbd717e02b0;gRPC;
23efdfd1-9264-4b7f-bac3-7a8da999907f;RabbitMQ;
43193855-9cc5-4118-8a75-4a6e5b2e415f;Blockchain;
99d28ed5-c89b-4186-9879-3cb9bcdaee80;Computer Graphics;
1d07c1d5-f8cd-4307-aaab-ee8fb9d53b98;AWS;
7ff1cf66-5ef2-4042-ac80-c726c56da8a8;MATLAB;
9a3d9e70-c0df-4302-91b2-05f40c9fedf6;Symfony;
ff8a1357-4237-45f4-b7fd-cb95e6c1a87c;FastAPI;
85e79fe3-040c-4ef1-85da-f1e9bb6081e0;Machine Learning;
f3ec45dc-ccf2-4325-a906-42e5aa232728;NLP;
4eb7e8b5-51d3-42cf-81f8-d6807eb92080;Firebase;
219c04ef-acc4-4c07-9c1e-29739d9ec140;JIRA;
9bc4fa57-08b2-4fdd-b19f-c236da16a621;Blockchain;
c00735ff-fc42-4426-8fd1-58752d278f18;React;
a2dad9b8-e643-4a13-8e58-95c95bf0d99e;Objective-C;
5e9d9c49-bf53-45b5-8193-cb9072c5b40d;Julia;
082e3b8b-6f65-43c0-ad98-2d72f1ae96dd;Kotlin;
b6793ec1-b399-4913-9b2b-9e2d12dd2a32;Laravel;
5bddb997-c89a-4a1d-a285-9c8245e0c106;WebRTC;
fb1a9d84-0fc7-44d9-bf6a-a943bac38323;SQL;
26307dd4-67bd-41dc-bcf8-75963d379739;JIRA;
a8068ec9-ffff-48db-8779-afa7545df821;F#;
86566385-58ee-4e17-b89d-979c9b57d0c1;WebRTC;
2c3e93c7-d451-42fb-b880-08ef3fcad2dc;Python;
18b08327-b7b9-48dc-a303-e8b08fa39a90;Julia;
6e9accc7-6482-414d-8140-3a6e88e37963;PyTorch;
5b049a53-fb8c-4a58-bb72-78ceb898a187;Pentesting;
ef26e2c1-27ac-42a4-baf4-2d3d1689e85a;Agile;
ce189237-5b34-4a5f-95c9-0fcbfdccaa68;SQL;
087f7aaf-0c14-47aa-ae7d-c661e78cf927;React;
d3f5a118-3610-4a93-978b-fc69931de70c;PostgreSQL;
7016871f-8b96-413d-bd66-e06c09ab740d;Django;
cabbeacb-e766-4f4c-a346-fe1148be3800;Big Data;
c66521aa-6e73-48b4-830c-285858f133cd;NoSQL;
75e73e3d-bf43-4fd8-9173-fb17635a0faf;Elixir;
002aecd5-9b79-4583-90c8-66ce9ad9b39f;Rust;
6a4f91da-1c42-4b03-b41a-a21eb46acc08;FastAPI;
ab76d410-c92a-442f-9bae-09b64b10223f;ASP.NET Core;
73460b94-4fbf-4208-8a11-2eb61e0e4f1b;BDD;
14743b7d-1897-4d81-ab4c-30bf69d0acc6;Go;
b4078dca-b082-4c7d-9541-8309d2ad3846;Solidity;
4d633c01-0b81-4a0b-a6a8-be662f717539;AR/VR;
1ce5af79-cc34-46ec-85bd-4bee4f0b4662;Hadoop;
